INSERT INTO Parada (IdParada,Codigo,Descripcion,Latitud,Longitud) VALUES (1,'1421','Paseo de la Farola',-44142814,3671476);
INSERT INTO Parada (IdParada,Codigo,Descripcion,Latitud,Longitud) VALUES (2,'1301','Paseo Mtmo. Ciudad de Melilla - Paseo Farola',-44131126,3671534);
INSERT INTO Parada (IdParada,Codigo,Descripcion,Latitud,Longitud) VALUES (3,'1802','Pso. Mtmo. Cdad. de Melilla - Pza.  Malagueta',-44103518,3671758);
INSERT INTO Parada (IdParada,Codigo,Descripcion,Latitud,Longitud) VALUES (4,'301','Paseo del Parque - Plaza del General Torrijos',-44133034,3672041);
INSERT INTO Parada (IdParada,Codigo,Descripcion,Latitud,Longitud) VALUES (5,'164','Paseo del Parque',-44162693,3671953);
INSERT INTO Parada (IdParada,Codigo,Descripcion,Latitud,Longitud) VALUES (6,'1803','Paseo del Parque - Plaza Marina',-4418946,3671878);
INSERT INTO Parada (IdParada,Codigo,Descripcion,Latitud,Longitud) VALUES (7,'425','Alameda Principal - Norte',-4423234,3671754);
INSERT INTO Parada (IdParada,Codigo,Descripcion,Latitud,Longitud) VALUES (8,'416','Avda. de Andalucía',-4428832,36716938);
INSERT INTO Parada (IdParada,Codigo,Descripcion,Latitud,Longitud) VALUES (9,'1810','Avda. de la Aurora - Centro Comercial',-44314833,3671628);
INSERT INTO Parada (IdParada,Codigo,Descripcion,Latitud,Longitud) VALUES (10,'1811','Avda. de la Aurora - Jardines Picasso',-4434013,3671633);
INSERT INTO Parada (IdParada,Codigo,Descripcion,Latitud,Longitud) VALUES (11,'1416','Avda. de la Aurora - Puente de las Américas',-4438405,36715775);
INSERT INTO Parada (IdParada,Codigo,Descripcion,Latitud,Longitud) VALUES (12,'1417','Avda. de la Aurora - Horacio Lengo',-4440805,36715054);
INSERT INTO Parada (IdParada,Codigo,Descripcion,Latitud,Longitud) VALUES (13,'1812','Virgen de la Estrella - El Fuerte',-4442904,3671556);
INSERT INTO Parada (IdParada,Codigo,Descripcion,Latitud,Longitud) VALUES (14,'1406','Virgen de la Estrella - Centro de Salud',-44432173,3671664);
INSERT INTO Parada (IdParada,Codigo,Descripcion,Latitud,Longitud) VALUES (15,'1852','Avda. Herrera Oria - Virgen de las Flores',-44437428,36718708);

INSERT INTO Tramo (IdTramo,Codigo,IdOrigen,IdDestino,Longitud,Duracion) VALUES (1,'T1712',15,14,8,5);
INSERT INTO Tramo (IdTramo,Codigo,IdOrigen,IdDestino,Longitud,Duracion) VALUES (2,'T1713',15,1,4,3);
INSERT INTO Tramo (IdTramo,Codigo,IdOrigen,IdDestino,Longitud,Duracion) VALUES (3,'T1714',13,1,4,7);
INSERT INTO Tramo (IdTramo,Codigo,IdOrigen,IdDestino,Longitud,Duracion) VALUES (4,'T202',14,13,3,2);
INSERT INTO Tramo (IdTramo,Codigo,IdOrigen,IdDestino,Longitud,Duracion) VALUES (5,'T230',13,4,11,4);
INSERT INTO Tramo (IdTramo,Codigo,IdOrigen,IdDestino,Longitud,Duracion) VALUES (6,'T921',13,5,7,2);
INSERT INTO Tramo (IdTramo,Codigo,IdOrigen,IdDestino,Longitud,Duracion) VALUES (7,'T1569',1,6,6,2);
INSERT INTO Tramo (IdTramo,Codigo,IdOrigen,IdDestino,Longitud,Duracion) VALUES (8,'T4202',6,14,11,6);
INSERT INTO Tramo (IdTramo,Codigo,IdOrigen,IdDestino,Longitud,Duracion) VALUES (9,'T605',1,7,6,1);
INSERT INTO Tramo (IdTramo,Codigo,IdOrigen,IdDestino,Longitud,Duracion) VALUES (10,'T606',1,8,9,4);
INSERT INTO Tramo (IdTramo,Codigo,IdOrigen,IdDestino,Longitud,Duracion) VALUES (11,'T1814',8,6,5,2);
INSERT INTO Tramo (IdTramo,Codigo,IdOrigen,IdDestino,Longitud,Duracion) VALUES (12,'T421',7,5,8,4);
INSERT INTO Tramo (IdTramo,Codigo,IdOrigen,IdDestino,Longitud,Duracion) VALUES (13,'T833',7,8,2,1);
INSERT INTO Tramo (IdTramo,Codigo,IdOrigen,IdDestino,Longitud,Duracion) VALUES (14,'T818',8,2,5,4);
INSERT INTO Tramo (IdTramo,Codigo,IdOrigen,IdDestino,Longitud,Duracion) VALUES (15,'T850',2,3,7,4);
INSERT INTO Tramo (IdTramo,Codigo,IdOrigen,IdDestino,Longitud,Duracion) VALUES (16,'T832',3,5,4,1);
INSERT INTO Tramo (IdTramo,Codigo,IdOrigen,IdDestino,Longitud,Duracion) VALUES (17,'T472',2,4,7,8);
INSERT INTO Tramo (IdTramo,Codigo,IdOrigen,IdDestino,Longitud,Duracion) VALUES (18,'T4452',9,8,6,3);
INSERT INTO Tramo (IdTramo,Codigo,IdOrigen,IdDestino,Longitud,Duracion) VALUES (19,'T1567',9,3,13,3);
INSERT INTO Tramo (IdTramo,Codigo,IdOrigen,IdDestino,Longitud,Duracion) VALUES (20,'T1863',10,9,6,6);
INSERT INTO Tramo (IdTramo,Codigo,IdOrigen,IdDestino,Longitud,Duracion) VALUES (21,'T1709',12,3,4,6);
INSERT INTO Tramo (IdTramo,Codigo,IdOrigen,IdDestino,Longitud,Duracion) VALUES (22,'T1710',12,4,5,8);
INSERT INTO Tramo (IdTramo,Codigo,IdOrigen,IdDestino,Longitud,Duracion) VALUES (23,'T1572',4,3,6,3);
INSERT INTO Tramo (IdTramo,Codigo,IdOrigen,IdDestino,Longitud,Duracion) VALUES (24,'T1573',5,2,4,5);
INSERT INTO Tramo (IdTramo,Codigo,IdOrigen,IdDestino,Longitud,Duracion) VALUES (25,'T1702',12,11,6,6);
INSERT INTO Tramo (IdTramo,Codigo,IdOrigen,IdDestino,Longitud,Duracion) VALUES (26,'T1712',3,11,13,5);
INSERT INTO Tramo (IdTramo,Codigo,IdOrigen,IdDestino,Longitud,Duracion) VALUES (27,'T1713',11,3,10,8);
INSERT INTO Tramo (IdTramo,Codigo,IdOrigen,IdDestino,Longitud,Duracion) VALUES (28,'T1764',3,12,4,5);
INSERT INTO Tramo (IdTramo,Codigo,IdOrigen,IdDestino,Longitud,Duracion) VALUES (29,'T2169',11,10,6,8);
INSERT INTO Tramo (IdTramo,Codigo,IdOrigen,IdDestino,Longitud,Duracion) VALUES (30,'T164',3,10,5,1);
INSERT INTO Tramo (IdTramo,Codigo,IdOrigen,IdDestino,Longitud,Duracion) VALUES (31,'T1803',10,2,10,5);
INSERT INTO Tramo (IdTramo,Codigo,IdOrigen,IdDestino,Longitud,Duracion) VALUES (32,'T425',5,4,5,1);
INSERT INTO Tramo (IdTramo,Codigo,IdOrigen,IdDestino,Longitud,Duracion) VALUES (33,'T416',4,5,4,1);
INSERT INTO Tramo (IdTramo,Codigo,IdOrigen,IdDestino,Longitud,Duracion) VALUES (34,'T417',2,9,5,3);
INSERT INTO Tramo (IdTramo,Codigo,IdOrigen,IdDestino,Longitud,Duracion) VALUES (35,'T2417',1,5,10,7);
INSERT INTO Tramo (IdTramo,Codigo,IdOrigen,IdDestino,Longitud,Duracion) VALUES (36,'T410',5,1,8,5);
INSERT INTO Tramo (IdTramo,Codigo,IdOrigen,IdDestino,Longitud,Duracion) VALUES (37,'T477',15,6,4,6);
INSERT INTO Tramo (IdTramo,Codigo,IdOrigen,IdDestino,Longitud,Duracion) VALUES (38,'T414',15,13,10,6);
INSERT INTO Tramo (IdTramo,Codigo,IdOrigen,IdDestino,Longitud,Duracion) VALUES (39,'T894',1,15,6,4);
INSERT INTO Tramo (IdTramo,Codigo,IdOrigen,IdDestino,Longitud,Duracion) VALUES (40,'T410OP',5,1,6,5);
INSERT INTO Tramo (IdTramo,Codigo,IdOrigen,IdDestino,Longitud,Duracion) VALUES (41,'T605OP',1,7,4,3);
INSERT INTO Tramo (IdTramo,Codigo,IdOrigen,IdDestino,Longitud,Duracion) VALUES (42,'T1712OP',15,14,4,2);

INSERT INTO RUTA (IdRuta,Codigo,Descripcion) VALUES (1,'L18','Ciudad Jardín - Teatinos');
INSERT INTO RUTA (IdRuta,Codigo,Descripcion) VALUES (2,'L29','Jarazmín - El Palo');
INSERT INTO RUTA (IdRuta,Codigo,Descripcion) VALUES (3,'L30','Alameda Principal - Mangas Verdes');
INSERT INTO RUTA (IdRuta,Codigo,Descripcion) VALUES (4,'L32','Av. Andalucía - Limonar - Mayorazgo');
INSERT INTO RUTA (IdRuta,Codigo,Descripcion) VALUES (5,'L14','Paseo de la Farola - Carranque - Teatinos');

INSERT INTO RutaTramo (IdRuta,Orden,IdTramo) VALUES (1,1,1);
INSERT INTO RutaTramo (IdRuta,Orden,IdTramo) VALUES (1,2,4);
INSERT INTO RutaTramo (IdRuta,Orden,IdTramo) VALUES (1,3,5);
INSERT INTO RutaTramo (IdRuta,Orden,IdTramo) VALUES (1,4,23);
INSERT INTO RutaTramo (IdRuta,Orden,IdTramo) VALUES (1,5,26);
INSERT INTO RutaTramo (IdRuta,Orden,IdTramo) VALUES (2,1,25);
INSERT INTO RutaTramo (IdRuta,Orden,IdTramo) VALUES (2,2,29);
INSERT INTO RutaTramo (IdRuta,Orden,IdTramo) VALUES (2,3,20);
INSERT INTO RutaTramo (IdRuta,Orden,IdTramo) VALUES (2,4,18);
INSERT INTO RutaTramo (IdRuta,Orden,IdTramo) VALUES (2,5,11);
INSERT INTO RutaTramo (IdRuta,Orden,IdTramo) VALUES (3,1,14);
INSERT INTO RutaTramo (IdRuta,Orden,IdTramo) VALUES (3,2,17);
INSERT INTO RutaTramo (IdRuta,Orden,IdTramo) VALUES (3,3,33);
INSERT INTO RutaTramo (IdRuta,Orden,IdTramo) VALUES (3,4,36);
INSERT INTO RutaTramo (IdRuta,Orden,IdTramo) VALUES (3,5,39);
INSERT INTO RutaTramo (IdRuta,Orden,IdTramo) VALUES (4,1,9);
INSERT INTO RutaTramo (IdRuta,Orden,IdTramo) VALUES (4,2,12);
INSERT INTO RutaTramo (IdRuta,Orden,IdTramo) VALUES (4,3,24);
INSERT INTO RutaTramo (IdRuta,Orden,IdTramo) VALUES (4,4,37);
INSERT INTO RutaTramo (IdRuta,Orden,IdTramo) VALUES (4,5,18);
INSERT INTO RutaTramo (IdRuta,Orden,IdTramo) VALUES (5,1,7);
INSERT INTO RutaTramo (IdRuta,Orden,IdTramo) VALUES (5,2,8);
INSERT INTO RutaTramo (IdRuta,Orden,IdTramo) VALUES (5,3,4);
INSERT INTO RutaTramo (IdRuta,Orden,IdTramo) VALUES (5,4,6);
INSERT INTO RutaTramo (IdRuta,Orden,IdTramo) VALUES (5,5,32);